"","expr","time","model","times"
"1","deq",4367962602,"DEQ",4.367962602
"2","deq",3705041657,"DEQ",3.705041657
"3","deq",4353391035,"DEQ",4.353391035
"4","deq",4073981078,"DEQ",4.073981078
"5","deq",3656905170,"DEQ",3.65690517
"6","deq",3789063097,"DEQ",3.789063097
"7","deq",3655009574,"DEQ",3.655009574
"8","deq",3879151734,"DEQ",3.879151734
"9","deq",3669452488,"DEQ",3.669452488
"10","deq",3637156007,"DEQ",3.637156007
"11","deq",3639786356,"DEQ",3.639786356
"12","deq",3654526466,"DEQ",3.654526466
"13","deq",3641146108,"DEQ",3.641146108
"14","deq",3791290929,"DEQ",3.791290929
"15","deq",3652191995,"DEQ",3.652191995
"16","deq",3658734918,"DEQ",3.658734918
"17","deq",3767688733,"DEQ",3.767688733
"18","deq",3709090766,"DEQ",3.709090766
"19","deq",3779389790,"DEQ",3.77938979
"20","deq",3643631380,"DEQ",3.64363138
"21","deq",3631546301,"DEQ",3.631546301
"22","deq",3677148798,"DEQ",3.677148798
"23","deq",3664833715,"DEQ",3.664833715
"24","deq",3670934631,"DEQ",3.670934631
"25","deq",3764431741,"DEQ",3.764431741
"26","deq",3611336192,"DEQ",3.611336192
"27","deq",3581152763,"DEQ",3.581152763
"28","deq",3653794261,"DEQ",3.653794261
"29","deq",3615563510,"DEQ",3.61556351
"30","deq",3730060600,"DEQ",3.7300606
"31","deq",3623725445,"DEQ",3.623725445
"32","deq",3616974827,"DEQ",3.616974827
"33","deq",3625632741,"DEQ",3.625632741
"34","deq",3623473734,"DEQ",3.623473734
"35","deq",3669505505,"DEQ",3.669505505
"36","deq",3741068237,"DEQ",3.741068237
"37","deq",3680454923,"DEQ",3.680454923
"38","deq",3805706802,"DEQ",3.805706802
"39","deq",3746218684,"DEQ",3.746218684
"40","deq",3698743485,"DEQ",3.698743485
"41","deq",3733265896,"DEQ",3.733265896
"42","deq",3632481967,"DEQ",3.632481967
"43","deq",3625015763,"DEQ",3.625015763
"44","deq",3631995158,"DEQ",3.631995158
"45","deq",3618526233,"DEQ",3.618526233
"46","deq",3632340558,"DEQ",3.632340558
"47","deq",3731840504,"DEQ",3.731840504
"48","deq",3625632604,"DEQ",3.625632604
"49","deq",3622538698,"DEQ",3.622538698
"50","deq",3739123158,"DEQ",3.739123158
"51","deq",3621417096,"DEQ",3.621417096
"52","deq",3743413471,"DEQ",3.743413471
"53","deq",3645885977,"DEQ",3.645885977
"54","deq",3647471722,"DEQ",3.647471722
"55","deq",3637731305,"DEQ",3.637731305
"56","deq",3615688375,"DEQ",3.615688375
"57","deq",3630957899,"DEQ",3.630957899
"58","deq",3743566916,"DEQ",3.743566916
"59","deq",3633995643,"DEQ",3.633995643
"60","deq",3673098490,"DEQ",3.67309849
"61","deq",3748374010,"DEQ",3.74837401
"62","deq",3637711636,"DEQ",3.637711636
"63","deq",3741161392,"DEQ",3.741161392
"64","deq",3824092505,"DEQ",3.824092505
"65","deq",3625894468,"DEQ",3.625894468
"66","deq",3638179130,"DEQ",3.63817913
"67","deq",3606752916,"DEQ",3.606752916
"68","deq",3643541820,"DEQ",3.64354182
"69","deq",3747463467,"DEQ",3.747463467
"70","deq",3659261734,"DEQ",3.659261734
"71","deq",3623172063,"DEQ",3.623172063
"72","deq",3746185104,"DEQ",3.746185104
"73","deq",3637811335,"DEQ",3.637811335
"74","deq",3744368519,"DEQ",3.744368519
"75","deq",3626325650,"DEQ",3.62632565
"76","deq",3617403458,"DEQ",3.617403458
"77","deq",3636806518,"DEQ",3.636806518
"78","deq",3614574242,"DEQ",3.614574242
"79","deq",3626820910,"DEQ",3.62682091
"80","deq",3728024990,"DEQ",3.72802499
"81","deq",3629391950,"DEQ",3.62939195
"82","deq",3631242739,"DEQ",3.631242739
"83","deq",3739411622,"DEQ",3.739411622
"84","deq",3621214822,"DEQ",3.621214822
"85","deq",3738997040,"DEQ",3.73899704
"86","deq",3665118386,"DEQ",3.665118386
"87","deq",3631270287,"DEQ",3.631270287
"88","deq",3639584955,"DEQ",3.639584955
"89","deq",3613302490,"DEQ",3.61330249
"90","deq",3629602450,"DEQ",3.62960245
"91","deq",3739276729,"DEQ",3.739276729
"92","deq",3626857970,"DEQ",3.62685797
"93","deq",3628422985,"DEQ",3.628422985
"94","deq",3742401612,"DEQ",3.742401612
"95","deq",3634467711,"DEQ",3.634467711
"96","deq",3783861073,"DEQ",3.783861073
"97","deq",3635695311,"DEQ",3.635695311
"98","deq",3631806099,"DEQ",3.631806099
"99","deq",3643458931,"DEQ",3.643458931
"100","deq",3617486114,"DEQ",3.617486114
"101","des",49214022483,"DES (10mil)",49.214022483
"102","des",47878232601,"DES (10mil)",47.878232601
"103","des",47572266083,"DES (10mil)",47.572266083
"104","des",47573020730,"DES (10mil)",47.57302073
"105","des",47971786264,"DES (10mil)",47.971786264
"106","des",48330230533,"DES (10mil)",48.330230533
"107","des",47815657512,"DES (10mil)",47.815657512
"108","des",47682067185,"DES (10mil)",47.682067185
"109","des",47914103220,"DES (10mil)",47.91410322
"110","des",48192669798,"DES (10mil)",48.192669798
"111","des",48088503811,"DES (10mil)",48.088503811
"112","des",48023510652,"DES (10mil)",48.023510652
"113","des",48306403844,"DES (10mil)",48.306403844
"114","des",48149154197,"DES (10mil)",48.149154197
"115","des",47839525398,"DES (10mil)",47.839525398
"116","des",48255514059,"DES (10mil)",48.255514059
"117","des",47901954283,"DES (10mil)",47.901954283
"118","des",47801502287,"DES (10mil)",47.801502287
"119","des",48006991623,"DES (10mil)",48.006991623
"120","des",48764597606,"DES (10mil)",48.764597606
"121","des",48613826003,"DES (10mil)",48.613826003
"122","des",48434303791,"DES (10mil)",48.434303791
"123","des",47322080312,"DES (10mil)",47.322080312
"124","des",47586958385,"DES (10mil)",47.586958385
"125","des",47005328178,"DES (10mil)",47.005328178
"126","des",48178911940,"DES (10mil)",48.17891194
"127","des",47677733060,"DES (10mil)",47.67773306
"128","des",48317557803,"DES (10mil)",48.317557803
"129","des",48400509973,"DES (10mil)",48.400509973
"130","des",48267372149,"DES (10mil)",48.267372149
"131","des",47688443184,"DES (10mil)",47.688443184
"132","des",48002260043,"DES (10mil)",48.002260043
"133","des",47750382671,"DES (10mil)",47.750382671
"134","des",48426333920,"DES (10mil)",48.42633392
"135","des",48772956980,"DES (10mil)",48.77295698
"136","des",47922286368,"DES (10mil)",47.922286368
"137","des",48219955223,"DES (10mil)",48.219955223
"138","des",48194735151,"DES (10mil)",48.194735151
"139","des",48697124604,"DES (10mil)",48.697124604
"140","des",48319550427,"DES (10mil)",48.319550427
"141","des",48650773614,"DES (10mil)",48.650773614
"142","des",48556405997,"DES (10mil)",48.556405997
"143","des",48453027365,"DES (10mil)",48.453027365
"144","des",47888101663,"DES (10mil)",47.888101663
"145","des",48853508658,"DES (10mil)",48.853508658
"146","des",48577008412,"DES (10mil)",48.577008412
"147","des",48383512788,"DES (10mil)",48.383512788
"148","des",48133645180,"DES (10mil)",48.13364518
"149","des",48684268572,"DES (10mil)",48.684268572
"150","des",48781648670,"DES (10mil)",48.78164867
"151","des",48202068058,"DES (10mil)",48.202068058
"152","des",48384012839,"DES (10mil)",48.384012839
"153","des",48111960772,"DES (10mil)",48.111960772
"154","des",48132953397,"DES (10mil)",48.132953397
"155","des",48477987973,"DES (10mil)",48.477987973
"156","des",48424268764,"DES (10mil)",48.424268764
"157","des",48223865937,"DES (10mil)",48.223865937
"158","des",48720102096,"DES (10mil)",48.720102096
"159","des",48558574705,"DES (10mil)",48.558574705
"160","des",48543916203,"DES (10mil)",48.543916203
"161","des",48168548838,"DES (10mil)",48.168548838
"162","des",47677827167,"DES (10mil)",47.677827167
"163","des",48308315951,"DES (10mil)",48.308315951
"164","des",48265909434,"DES (10mil)",48.265909434
"165","des",48447258949,"DES (10mil)",48.447258949
"166","des",48209982290,"DES (10mil)",48.20998229
"167","des",49066935219,"DES (10mil)",49.066935219
"168","des",48859507173,"DES (10mil)",48.859507173
"169","des",47355912233,"DES (10mil)",47.355912233
"170","des",47952075151,"DES (10mil)",47.952075151
"171","des",49818730867,"DES (10mil)",49.818730867
"172","des",47548363861,"DES (10mil)",47.548363861
"173","des",48296630445,"DES (10mil)",48.296630445
"174","des",48143953393,"DES (10mil)",48.143953393
"175","des",49022607535,"DES (10mil)",49.022607535
"176","des",48887654522,"DES (10mil)",48.887654522
"177","des",49230333891,"DES (10mil)",49.230333891
"178","des",48447890378,"DES (10mil)",48.447890378
"179","des",48184956957,"DES (10mil)",48.184956957
"180","des",48051248067,"DES (10mil)",48.051248067
"181","des",48188272155,"DES (10mil)",48.188272155
"182","des",48086284541,"DES (10mil)",48.086284541
"183","des",48259336152,"DES (10mil)",48.259336152
"184","des",47975430780,"DES (10mil)",47.97543078
"185","des",47940315473,"DES (10mil)",47.940315473
"186","des",47809998577,"DES (10mil)",47.809998577
"187","des",48524489432,"DES (10mil)",48.524489432
"188","des",48642785614,"DES (10mil)",48.642785614
"189","des",49066335216,"DES (10mil)",49.066335216
"190","des",48191102077,"DES (10mil)",48.191102077
"191","des",48339038194,"DES (10mil)",48.339038194
"192","des",48236302005,"DES (10mil)",48.236302005
"193","des",48534258993,"DES (10mil)",48.534258993
"194","des",48854007277,"DES (10mil)",48.854007277
"195","des",47851633956,"DES (10mil)",47.851633956
"196","des",48506198585,"DES (10mil)",48.506198585
"197","des",48714497410,"DES (10mil)",48.71449741
"198","des",48242709396,"DES (10mil)",48.242709396
"199","des",48047704129,"DES (10mil)",48.047704129
"200","des",47900834657,"DES (10mil)",47.900834657
"201","markov",146177454,"MARKOV-Y",0.146177454
"202","markov",7039728,"MARKOV-Y",0.007039728
"203","markov",7051130,"MARKOV-Y",0.00705113
"204","markov",7800521,"MARKOV-Y",0.007800521
"205","markov",8031078,"MARKOV-Y",0.008031078
"206","markov",7995930,"MARKOV-Y",0.00799593
"207","markov",9095642,"MARKOV-Y",0.009095642
"208","markov",6899588,"MARKOV-Y",0.006899588
"209","markov",6937602,"MARKOV-Y",0.006937602
"210","markov",6924111,"MARKOV-Y",0.006924111
"211","markov",6967465,"MARKOV-Y",0.006967465
"212","markov",6975203,"MARKOV-Y",0.006975203
"213","markov",6935419,"MARKOV-Y",0.006935419
"214","markov",6914402,"MARKOV-Y",0.006914402
"215","markov",7303530,"MARKOV-Y",0.00730353
"216","markov",7309031,"MARKOV-Y",0.007309031
"217","markov",7486199,"MARKOV-Y",0.007486199
"218","markov",7623938,"MARKOV-Y",0.007623938
"219","markov",7693925,"MARKOV-Y",0.007693925
"220","markov",9734225,"MARKOV-Y",0.009734225
"221","markov",6843734,"MARKOV-Y",0.006843734
"222","markov",6869184,"MARKOV-Y",0.006869184
"223","markov",6999745,"MARKOV-Y",0.006999745
"224","markov",7021889,"MARKOV-Y",0.007021889
"225","markov",7066567,"MARKOV-Y",0.007066567
"226","markov",7020233,"MARKOV-Y",0.007020233
"227","markov",6998528,"MARKOV-Y",0.006998528
"228","markov",7003362,"MARKOV-Y",0.007003362
"229","markov",6931582,"MARKOV-Y",0.006931582
"230","markov",6913045,"MARKOV-Y",0.006913045
"231","markov",6949469,"MARKOV-Y",0.006949469
"232","markov",6940147,"MARKOV-Y",0.006940147
"233","markov",7061177,"MARKOV-Y",0.007061177
"234","markov",9241822,"MARKOV-Y",0.009241822
"235","markov",6824374,"MARKOV-Y",0.006824374
"236","markov",6857771,"MARKOV-Y",0.006857771
"237","markov",6938189,"MARKOV-Y",0.006938189
"238","markov",7000960,"MARKOV-Y",0.00700096
"239","markov",7010009,"MARKOV-Y",0.007010009
"240","markov",6964384,"MARKOV-Y",0.006964384
"241","markov",6986291,"MARKOV-Y",0.006986291
"242","markov",7025580,"MARKOV-Y",0.00702558
"243","markov",6920784,"MARKOV-Y",0.006920784
"244","markov",6917825,"MARKOV-Y",0.006917825
"245","markov",6958961,"MARKOV-Y",0.006958961
"246","markov",6920583,"MARKOV-Y",0.006920583
"247","markov",9261768,"MARKOV-Y",0.009261768
"248","markov",6821272,"MARKOV-Y",0.006821272
"249","markov",6857187,"MARKOV-Y",0.006857187
"250","markov",6880035,"MARKOV-Y",0.006880035
"251","markov",6974176,"MARKOV-Y",0.006974176
"252","markov",7031614,"MARKOV-Y",0.007031614
"253","markov",7033496,"MARKOV-Y",0.007033496
"254","markov",7024535,"MARKOV-Y",0.007024535
"255","markov",6959210,"MARKOV-Y",0.00695921
"256","markov",6895465,"MARKOV-Y",0.006895465
"257","markov",6891928,"MARKOV-Y",0.006891928
"258","markov",6911151,"MARKOV-Y",0.006911151
"259","markov",6907296,"MARKOV-Y",0.006907296
"260","markov",6995481,"MARKOV-Y",0.006995481
"261","markov",9113968,"MARKOV-Y",0.009113968
"262","markov",6870076,"MARKOV-Y",0.006870076
"263","markov",6840313,"MARKOV-Y",0.006840313
"264","markov",6947493,"MARKOV-Y",0.006947493
"265","markov",7014967,"MARKOV-Y",0.007014967
"266","markov",6959973,"MARKOV-Y",0.006959973
"267","markov",7010371,"MARKOV-Y",0.007010371
"268","markov",6997580,"MARKOV-Y",0.00699758
"269","markov",6971814,"MARKOV-Y",0.006971814
"270","markov",6850762,"MARKOV-Y",0.006850762
"271","markov",6894719,"MARKOV-Y",0.006894719
"272","markov",6938028,"MARKOV-Y",0.006938028
"273","markov",6947738,"MARKOV-Y",0.006947738
"274","markov",9270924,"MARKOV-Y",0.009270924
"275","markov",6852943,"MARKOV-Y",0.006852943
"276","markov",6884114,"MARKOV-Y",0.006884114
"277","markov",6894796,"MARKOV-Y",0.006894796
"278","markov",7018726,"MARKOV-Y",0.007018726
"279","markov",7006191,"MARKOV-Y",0.007006191
"280","markov",6984213,"MARKOV-Y",0.006984213
"281","markov",7080174,"MARKOV-Y",0.007080174
"282","markov",7039902,"MARKOV-Y",0.007039902
"283","markov",6984846,"MARKOV-Y",0.006984846
"284","markov",6943555,"MARKOV-Y",0.006943555
"285","markov",6975483,"MARKOV-Y",0.006975483
"286","markov",6953598,"MARKOV-Y",0.006953598
"287","markov",9335032,"MARKOV-Y",0.009335032
"288","markov",6873451,"MARKOV-Y",0.006873451
"289","markov",6878385,"MARKOV-Y",0.006878385
"290","markov",6870019,"MARKOV-Y",0.006870019
"291","markov",7000812,"MARKOV-Y",0.007000812
"292","markov",7030875,"MARKOV-Y",0.007030875
"293","markov",6960852,"MARKOV-Y",0.006960852
"294","markov",6963410,"MARKOV-Y",0.00696341
"295","markov",6992402,"MARKOV-Y",0.006992402
"296","markov",6984781,"MARKOV-Y",0.006984781
"297","markov",6862637,"MARKOV-Y",0.006862637
"298","markov",6945176,"MARKOV-Y",0.006945176
"299","markov",6985678,"MARKOV-Y",0.006985678
"300","markov",6964149,"MARKOV-Y",0.006964149
"301","markov",437787095,"MARKOV-M",0.437787095
"302","markov",297397604,"MARKOV-M",0.297397604
"303","markov",292530983,"MARKOV-M",0.292530983
"304","markov",287903682,"MARKOV-M",0.287903682
"305","markov",290022539,"MARKOV-M",0.290022539
"306","markov",291210656,"MARKOV-M",0.291210656
"307","markov",430763086,"MARKOV-M",0.430763086
"308","markov",280962272,"MARKOV-M",0.280962272
"309","markov",314297444,"MARKOV-M",0.314297444
"310","markov",278626987,"MARKOV-M",0.278626987
"311","markov",278855461,"MARKOV-M",0.278855461
"312","markov",278156552,"MARKOV-M",0.278156552
"313","markov",343622574,"MARKOV-M",0.343622574
"314","markov",316394112,"MARKOV-M",0.316394112
"315","markov",308569215,"MARKOV-M",0.308569215
"316","markov",309286256,"MARKOV-M",0.309286256
"317","markov",309518959,"MARKOV-M",0.309518959
"318","markov",309945990,"MARKOV-M",0.30994599
"319","markov",309192451,"MARKOV-M",0.309192451
"320","markov",311104690,"MARKOV-M",0.31110469
"321","markov",311626214,"MARKOV-M",0.311626214
"322","markov",313509701,"MARKOV-M",0.313509701
"323","markov",308939931,"MARKOV-M",0.308939931
"324","markov",328212675,"MARKOV-M",0.328212675
"325","markov",313822577,"MARKOV-M",0.313822577
"326","markov",312285536,"MARKOV-M",0.312285536
"327","markov",309077300,"MARKOV-M",0.3090773
"328","markov",454065249,"MARKOV-M",0.454065249
"329","markov",305314754,"MARKOV-M",0.305314754
"330","markov",305342871,"MARKOV-M",0.305342871
"331","markov",303786119,"MARKOV-M",0.303786119
"332","markov",305551109,"MARKOV-M",0.305551109
"333","markov",305407162,"MARKOV-M",0.305407162
"334","markov",362811062,"MARKOV-M",0.362811062
"335","markov",281468812,"MARKOV-M",0.281468812
"336","markov",282285795,"MARKOV-M",0.282285795
"337","markov",283621588,"MARKOV-M",0.283621588
"338","markov",285100918,"MARKOV-M",0.285100918
"339","markov",283682782,"MARKOV-M",0.283682782
"340","markov",282306060,"MARKOV-M",0.28230606
"341","markov",287085872,"MARKOV-M",0.287085872
"342","markov",282733824,"MARKOV-M",0.282733824
"343","markov",282026991,"MARKOV-M",0.282026991
"344","markov",282527297,"MARKOV-M",0.282527297
"345","markov",284087925,"MARKOV-M",0.284087925
"346","markov",301462257,"MARKOV-M",0.301462257
"347","markov",285242191,"MARKOV-M",0.285242191
"348","markov",407234376,"MARKOV-M",0.407234376
"349","markov",284279678,"MARKOV-M",0.284279678
"350","markov",280181644,"MARKOV-M",0.280181644
"351","markov",280658395,"MARKOV-M",0.280658395
"352","markov",281141254,"MARKOV-M",0.281141254
"353","markov",281471287,"MARKOV-M",0.281471287
"354","markov",281163386,"MARKOV-M",0.281163386
"355","markov",292037676,"MARKOV-M",0.292037676
"356","markov",290868280,"MARKOV-M",0.29086828
"357","markov",282728778,"MARKOV-M",0.282728778
"358","markov",281180076,"MARKOV-M",0.281180076
"359","markov",280729356,"MARKOV-M",0.280729356
"360","markov",283429579,"MARKOV-M",0.283429579
"361","markov",285435387,"MARKOV-M",0.285435387
"362","markov",299434336,"MARKOV-M",0.299434336
"363","markov",283087831,"MARKOV-M",0.283087831
"364","markov",281579307,"MARKOV-M",0.281579307
"365","markov",284976347,"MARKOV-M",0.284976347
"366","markov",283517324,"MARKOV-M",0.283517324
"367","markov",283885008,"MARKOV-M",0.283885008
"368","markov",286777439,"MARKOV-M",0.286777439
"369","markov",286411642,"MARKOV-M",0.286411642
"370","markov",283207623,"MARKOV-M",0.283207623
"371","markov",283607559,"MARKOV-M",0.283607559
"372","markov",396360473,"MARKOV-M",0.396360473
"373","markov",278860877,"MARKOV-M",0.278860877
"374","markov",279649331,"MARKOV-M",0.279649331
"375","markov",301131848,"MARKOV-M",0.301131848
"376","markov",282276840,"MARKOV-M",0.28227684
"377","markov",283743552,"MARKOV-M",0.283743552
"378","markov",282543435,"MARKOV-M",0.282543435
"379","markov",286721850,"MARKOV-M",0.28672185
"380","markov",284044434,"MARKOV-M",0.284044434
"381","markov",282886371,"MARKOV-M",0.282886371
"382","markov",284027213,"MARKOV-M",0.284027213
"383","markov",283629514,"MARKOV-M",0.283629514
"384","markov",282960676,"MARKOV-M",0.282960676
"385","markov",284511184,"MARKOV-M",0.284511184
"386","markov",282056615,"MARKOV-M",0.282056615
"387","markov",283135677,"MARKOV-M",0.283135677
"388","markov",288265557,"MARKOV-M",0.288265557
"389","markov",285310029,"MARKOV-M",0.285310029
"390","markov",284438939,"MARKOV-M",0.284438939
"391","markov",284418870,"MARKOV-M",0.28441887
"392","markov",398707521,"MARKOV-M",0.398707521
"393","markov",278836074,"MARKOV-M",0.278836074
"394","markov",279415230,"MARKOV-M",0.27941523
"395","markov",300939798,"MARKOV-M",0.300939798
"396","markov",282617687,"MARKOV-M",0.282617687
"397","markov",287155283,"MARKOV-M",0.287155283
"398","markov",283180503,"MARKOV-M",0.283180503
"399","markov",282390576,"MARKOV-M",0.282390576
"400","markov",282106400,"MARKOV-M",0.2821064
"401","markov1d",526885230796,"MARKOV-D",526.885230796
"402","markov1d",494694469816,"MARKOV-D",494.694469816
"403","markov1d",505023907823,"MARKOV-D",505.023907823
"404","markov1d",500180218912,"MARKOV-D",500.180218912
"405","markov1d",497386335552,"MARKOV-D",497.386335552
"406","markov1d",496998770265,"MARKOV-D",496.998770265
"407","markov1d",503064333346,"MARKOV-D",503.064333346
"408","markov1d",499513553338,"MARKOV-D",499.513553338
"409","markov1d",509040474509,"MARKOV-D",509.040474509
"410","markov1d",520731500028,"MARKOV-D",520.731500028
"411","markov1d",519521023633,"MARKOV-D",519.521023633
"412","markov1d",526453370408,"MARKOV-D",526.453370408
"413","markov1d",551873573401,"MARKOV-D",551.873573401
"414","markov1d",553948608664,"MARKOV-D",553.948608664
"415","markov1d",553228101072,"MARKOV-D",553.228101072
"416","markov1d",552193134060,"MARKOV-D",552.19313406
"417","markov1d",557640930366,"MARKOV-D",557.640930366
"418","markov1d",553010813705,"MARKOV-D",553.010813705
"419","markov1d",552675087669,"MARKOV-D",552.675087669
"420","markov1d",513822033208,"MARKOV-D",513.822033208
"421","markov1d",487051507772,"MARKOV-D",487.051507772
"422","markov1d",496505574363,"MARKOV-D",496.505574363
"423","markov1d",495312857106,"MARKOV-D",495.312857106
"424","markov1d",492920795602,"MARKOV-D",492.920795602
"425","markov1d",496706994050,"MARKOV-D",496.70699405
"426","markov1d",488265117768,"MARKOV-D",488.265117768
"427","markov1d",481136064032,"MARKOV-D",481.136064032
"428","markov1d",485370517918,"MARKOV-D",485.370517918
"429","markov1d",483031529465,"MARKOV-D",483.031529465
"430","markov1d",484717359374,"MARKOV-D",484.717359374
"431","markov1d",484489612261,"MARKOV-D",484.489612261
"432","markov1d",497983411802,"MARKOV-D",497.983411802
"433","markov1d",517517457034,"MARKOV-D",517.517457034
"434","markov1d",510688284148,"MARKOV-D",510.688284148
"435","markov1d",595341694728,"MARKOV-D",595.341694728
"436","markov1d",702339991720,"MARKOV-D",702.33999172
"437","markov1d",635409372458,"MARKOV-D",635.409372458
"438","markov1d",512934144923,"MARKOV-D",512.934144923
"439","markov1d",514844406397,"MARKOV-D",514.844406397
"440","markov1d",510463793887,"MARKOV-D",510.463793887
"441","markov1d",515809228196,"MARKOV-D",515.809228196
"442","markov1d",514807986929,"MARKOV-D",514.807986929
"443","markov1d",511669443351,"MARKOV-D",511.669443351
"444","markov1d",515565111579,"MARKOV-D",515.565111579
"445","markov1d",564973805170,"MARKOV-D",564.97380517
"446","markov1d",583804736805,"MARKOV-D",583.804736805
"447","markov1d",542799470700,"MARKOV-D",542.7994707
"448","markov1d",587470496606,"MARKOV-D",587.470496606
"449","markov1d",563338755555,"MARKOV-D",563.338755555
"450","markov1d",569835058200,"MARKOV-D",569.8350582
"451","markov1d",562197239781,"MARKOV-D",562.197239781
"452","markov1d",572114984877,"MARKOV-D",572.114984877
"453","markov1d",566732224750,"MARKOV-D",566.73222475
"454","markov1d",570983783964,"MARKOV-D",570.983783964
"455","markov1d",514601781470,"MARKOV-D",514.60178147
"456","markov1d",493707369111,"MARKOV-D",493.707369111
"457","markov1d",484600306404,"MARKOV-D",484.600306404
"458","markov1d",485481810580,"MARKOV-D",485.48181058
"459","markov1d",496566145742,"MARKOV-D",496.566145742
"460","markov1d",513816532472,"MARKOV-D",513.816532472
"461","markov1d",493650984105,"MARKOV-D",493.650984105
"462","markov1d",513057862054,"MARKOV-D",513.057862054
"463","markov1d",514884659694,"MARKOV-D",514.884659694
"464","markov1d",532595860113,"MARKOV-D",532.595860113
"465","markov1d",521594763638,"MARKOV-D",521.594763638
"466","markov1d",527759660455,"MARKOV-D",527.759660455
"467","markov1d",520514037500,"MARKOV-D",520.5140375
"468","markov1d",541356139082,"MARKOV-D",541.356139082
"469","markov1d",530234830682,"MARKOV-D",530.234830682
"470","markov1d",548791558326,"MARKOV-D",548.791558326
"471","markov1d",534461450464,"MARKOV-D",534.461450464
"472","markov1d",525122460027,"MARKOV-D",525.122460027
"473","markov1d",571843576931,"MARKOV-D",571.843576931
"474","markov1d",587812629330,"MARKOV-D",587.81262933
"475","markov1d",590221889366,"MARKOV-D",590.221889366
"476","markov1d",534541329843,"MARKOV-D",534.541329843
"477","markov1d",526418696810,"MARKOV-D",526.41869681
"478","markov1d",523090031553,"MARKOV-D",523.090031553
"479","markov1d",516639133607,"MARKOV-D",516.639133607
"480","markov1d",521841863843,"MARKOV-D",521.841863843
"481","markov1d",521915339950,"MARKOV-D",521.91533995
"482","markov1d",519723105927,"MARKOV-D",519.723105927
"483","markov1d",539104976394,"MARKOV-D",539.104976394
"484","markov1d",527170607544,"MARKOV-D",527.170607544
"485","markov1d",526889724204,"MARKOV-D",526.889724204
"486","markov1d",510733698298,"MARKOV-D",510.733698298
"487","markov1d",519347810078,"MARKOV-D",519.347810078
"488","markov1d",542613852347,"MARKOV-D",542.613852347
"489","markov1d",504972823986,"MARKOV-D",504.972823986
"490","markov1d",525380136409,"MARKOV-D",525.380136409
"491","markov1d",798374725379,"MARKOV-D",798.374725379
"492","markov1d",596357685904,"MARKOV-D",596.357685904
"493","markov1d",538306956686,"MARKOV-D",538.306956686
"494","markov1d",522966299150,"MARKOV-D",522.96629915
"495","markov1d",543769987179,"MARKOV-D",543.769987179
"496","markov1d",583544142526,"MARKOV-D",583.544142526
"497","markov1d",574659593787,"MARKOV-D",574.659593787
"498","markov1d",607860651906,"MARKOV-D",607.860651906
"499","markov1d",581575041361,"MARKOV-D",581.575041361
"500","markov1d",592291370551,"MARKOV-D",592.291370551
"501","markov_corr",1561219345,"MARKOV-EMB-Y",1.561219345
"502","markov_corr",1287205895,"MARKOV-EMB-Y",1.287205895
"503","markov_corr",1193307724,"MARKOV-EMB-Y",1.193307724
"504","markov_corr",1183087272,"MARKOV-EMB-Y",1.183087272
"505","markov_corr",1178693395,"MARKOV-EMB-Y",1.178693395
"506","markov_corr",1289285926,"MARKOV-EMB-Y",1.289285926
"507","markov_corr",1377811308,"MARKOV-EMB-Y",1.377811308
"508","markov_corr",1143914654,"MARKOV-EMB-Y",1.143914654
"509","markov_corr",572959844,"MARKOV-EMB-Y",0.572959844
"510","markov_corr",561958313,"MARKOV-EMB-Y",0.561958313
"511","markov_corr",761779582,"MARKOV-EMB-Y",0.761779582
"512","markov_corr",906540866,"MARKOV-EMB-Y",0.906540866
"513","markov_corr",1176786892,"MARKOV-EMB-Y",1.176786892
"514","markov_corr",1117875992,"MARKOV-EMB-Y",1.117875992
"515","markov_corr",1177967374,"MARKOV-EMB-Y",1.177967374
"516","markov_corr",1199252554,"MARKOV-EMB-Y",1.199252554
"517","markov_corr",1030823611,"MARKOV-EMB-Y",1.030823611
"518","markov_corr",1086701028,"MARKOV-EMB-Y",1.086701028
"519","markov_corr",1098909106,"MARKOV-EMB-Y",1.098909106
"520","markov_corr",1123042570,"MARKOV-EMB-Y",1.12304257
"521","markov_corr",1311091128,"MARKOV-EMB-Y",1.311091128
"522","markov_corr",1501470850,"MARKOV-EMB-Y",1.50147085
"523","markov_corr",1367395969,"MARKOV-EMB-Y",1.367395969
"524","markov_corr",1243077119,"MARKOV-EMB-Y",1.243077119
"525","markov_corr",1083375237,"MARKOV-EMB-Y",1.083375237
"526","markov_corr",1183257554,"MARKOV-EMB-Y",1.183257554
"527","markov_corr",1236401964,"MARKOV-EMB-Y",1.236401964
"528","markov_corr",1374154352,"MARKOV-EMB-Y",1.374154352
"529","markov_corr",1253042931,"MARKOV-EMB-Y",1.253042931
"530","markov_corr",1364166331,"MARKOV-EMB-Y",1.364166331
"531","markov_corr",1358409892,"MARKOV-EMB-Y",1.358409892
"532","markov_corr",1373600271,"MARKOV-EMB-Y",1.373600271
"533","markov_corr",1374412824,"MARKOV-EMB-Y",1.374412824
"534","markov_corr",1373160271,"MARKOV-EMB-Y",1.373160271
"535","markov_corr",1376757755,"MARKOV-EMB-Y",1.376757755
"536","markov_corr",1370590060,"MARKOV-EMB-Y",1.37059006
"537","markov_corr",1355254678,"MARKOV-EMB-Y",1.355254678
"538","markov_corr",1377314966,"MARKOV-EMB-Y",1.377314966
"539","markov_corr",1368097188,"MARKOV-EMB-Y",1.368097188
"540","markov_corr",1380183745,"MARKOV-EMB-Y",1.380183745
"541","markov_corr",1375804589,"MARKOV-EMB-Y",1.375804589
"542","markov_corr",1381427909,"MARKOV-EMB-Y",1.381427909
"543","markov_corr",1380010622,"MARKOV-EMB-Y",1.380010622
"544","markov_corr",1277429187,"MARKOV-EMB-Y",1.277429187
"545","markov_corr",1222202986,"MARKOV-EMB-Y",1.222202986
"546","markov_corr",1165255050,"MARKOV-EMB-Y",1.16525505
"547","markov_corr",881395365,"MARKOV-EMB-Y",0.881395365
"548","markov_corr",867745583,"MARKOV-EMB-Y",0.867745583
"549","markov_corr",1002659894,"MARKOV-EMB-Y",1.002659894
"550","markov_corr",763250103,"MARKOV-EMB-Y",0.763250103
"551","markov_corr",1144383559,"MARKOV-EMB-Y",1.144383559
"552","markov_corr",1329215343,"MARKOV-EMB-Y",1.329215343
"553","markov_corr",1184323974,"MARKOV-EMB-Y",1.184323974
"554","markov_corr",1176121322,"MARKOV-EMB-Y",1.176121322
"555","markov_corr",1111471300,"MARKOV-EMB-Y",1.1114713
"556","markov_corr",827311732,"MARKOV-EMB-Y",0.827311732
"557","markov_corr",1156777996,"MARKOV-EMB-Y",1.156777996
"558","markov_corr",1183586937,"MARKOV-EMB-Y",1.183586937
"559","markov_corr",1174120118,"MARKOV-EMB-Y",1.174120118
"560","markov_corr",1212876973,"MARKOV-EMB-Y",1.212876973
"561","markov_corr",1175652068,"MARKOV-EMB-Y",1.175652068
"562","markov_corr",1318341758,"MARKOV-EMB-Y",1.318341758
"563","markov_corr",1246171335,"MARKOV-EMB-Y",1.246171335
"564","markov_corr",1230572776,"MARKOV-EMB-Y",1.230572776
"565","markov_corr",773614953,"MARKOV-EMB-Y",0.773614953
"566","markov_corr",351300970,"MARKOV-EMB-Y",0.35130097
"567","markov_corr",366001834,"MARKOV-EMB-Y",0.366001834
"568","markov_corr",370711630,"MARKOV-EMB-Y",0.37071163
"569","markov_corr",348388026,"MARKOV-EMB-Y",0.348388026
"570","markov_corr",345163465,"MARKOV-EMB-Y",0.345163465
"571","markov_corr",348757653,"MARKOV-EMB-Y",0.348757653
"572","markov_corr",411600925,"MARKOV-EMB-Y",0.411600925
"573","markov_corr",570250100,"MARKOV-EMB-Y",0.5702501
"574","markov_corr",584856395,"MARKOV-EMB-Y",0.584856395
"575","markov_corr",570435843,"MARKOV-EMB-Y",0.570435843
"576","markov_corr",585393605,"MARKOV-EMB-Y",0.585393605
"577","markov_corr",456746594,"MARKOV-EMB-Y",0.456746594
"578","markov_corr",498697751,"MARKOV-EMB-Y",0.498697751
"579","markov_corr",660038650,"MARKOV-EMB-Y",0.66003865
"580","markov_corr",855095145,"MARKOV-EMB-Y",0.855095145
"581","markov_corr",648415172,"MARKOV-EMB-Y",0.648415172
"582","markov_corr",634514146,"MARKOV-EMB-Y",0.634514146
"583","markov_corr",790470948,"MARKOV-EMB-Y",0.790470948
"584","markov_corr",875679898,"MARKOV-EMB-Y",0.875679898
"585","markov_corr",1024741422,"MARKOV-EMB-Y",1.024741422
"586","markov_corr",1275110120,"MARKOV-EMB-Y",1.27511012
"587","markov_corr",770659312,"MARKOV-EMB-Y",0.770659312
"588","markov_corr",520576460,"MARKOV-EMB-Y",0.52057646
"589","markov_corr",297746160,"MARKOV-EMB-Y",0.29774616
"590","markov_corr",299503667,"MARKOV-EMB-Y",0.299503667
"591","markov_corr",325020481,"MARKOV-EMB-Y",0.325020481
"592","markov_corr",307934385,"MARKOV-EMB-Y",0.307934385
"593","markov_corr",305863841,"MARKOV-EMB-Y",0.305863841
"594","markov_corr",306736112,"MARKOV-EMB-Y",0.306736112
"595","markov_corr",345188032,"MARKOV-EMB-Y",0.345188032
"596","markov_corr",338396249,"MARKOV-EMB-Y",0.338396249
"597","markov_corr",324455534,"MARKOV-EMB-Y",0.324455534
"598","markov_corr",361057016,"MARKOV-EMB-Y",0.361057016
"599","markov_corr",308801298,"MARKOV-EMB-Y",0.308801298
"600","markov_corr",338785878,"MARKOV-EMB-Y",0.338785878
"601","markov_corr",3430643263,"MARKOV-EMB-M",3.430643263
"602","markov_corr",3371074113,"MARKOV-EMB-M",3.371074113
"603","markov_corr",3369582259,"MARKOV-EMB-M",3.369582259
"604","markov_corr",3258110811,"MARKOV-EMB-M",3.258110811
"605","markov_corr",3292383962,"MARKOV-EMB-M",3.292383962
"606","markov_corr",3384327372,"MARKOV-EMB-M",3.384327372
"607","markov_corr",3375542936,"MARKOV-EMB-M",3.375542936
"608","markov_corr",4090499512,"MARKOV-EMB-M",4.090499512
"609","markov_corr",3730786927,"MARKOV-EMB-M",3.730786927
"610","markov_corr",4422160054,"MARKOV-EMB-M",4.422160054
"611","markov_corr",3299777161,"MARKOV-EMB-M",3.299777161
"612","markov_corr",3235024607,"MARKOV-EMB-M",3.235024607
"613","markov_corr",3362608179,"MARKOV-EMB-M",3.362608179
"614","markov_corr",3267708607,"MARKOV-EMB-M",3.267708607
"615","markov_corr",3233675432,"MARKOV-EMB-M",3.233675432
"616","markov_corr",3287148656,"MARKOV-EMB-M",3.287148656
"617","markov_corr",3358284655,"MARKOV-EMB-M",3.358284655
"618","markov_corr",3320345710,"MARKOV-EMB-M",3.32034571
"619","markov_corr",3225188694,"MARKOV-EMB-M",3.225188694
"620","markov_corr",3229105930,"MARKOV-EMB-M",3.22910593
"621","markov_corr",3230400180,"MARKOV-EMB-M",3.23040018
"622","markov_corr",3348163976,"MARKOV-EMB-M",3.348163976
"623","markov_corr",3251596237,"MARKOV-EMB-M",3.251596237
"624","markov_corr",3364120822,"MARKOV-EMB-M",3.364120822
"625","markov_corr",3541162698,"MARKOV-EMB-M",3.541162698
"626","markov_corr",3257100736,"MARKOV-EMB-M",3.257100736
"627","markov_corr",3335992611,"MARKOV-EMB-M",3.335992611
"628","markov_corr",3290531978,"MARKOV-EMB-M",3.290531978
"629","markov_corr",3232061454,"MARKOV-EMB-M",3.232061454
"630","markov_corr",3256411334,"MARKOV-EMB-M",3.256411334
"631","markov_corr",3333097848,"MARKOV-EMB-M",3.333097848
"632","markov_corr",3312363478,"MARKOV-EMB-M",3.312363478
"633","markov_corr",3247778221,"MARKOV-EMB-M",3.247778221
"634","markov_corr",3253009562,"MARKOV-EMB-M",3.253009562
"635","markov_corr",3295097254,"MARKOV-EMB-M",3.295097254
"636","markov_corr",3324310706,"MARKOV-EMB-M",3.324310706
"637","markov_corr",3240831177,"MARKOV-EMB-M",3.240831177
"638","markov_corr",3260841341,"MARKOV-EMB-M",3.260841341
"639","markov_corr",3252485247,"MARKOV-EMB-M",3.252485247
"640","markov_corr",3368847312,"MARKOV-EMB-M",3.368847312
"641","markov_corr",3384460524,"MARKOV-EMB-M",3.384460524
"642","markov_corr",3242005751,"MARKOV-EMB-M",3.242005751
"643","markov_corr",3312165783,"MARKOV-EMB-M",3.312165783
"644","markov_corr",3278154675,"MARKOV-EMB-M",3.278154675
"645","markov_corr",3341276626,"MARKOV-EMB-M",3.341276626
"646","markov_corr",3254824352,"MARKOV-EMB-M",3.254824352
"647","markov_corr",3303967229,"MARKOV-EMB-M",3.303967229
"648","markov_corr",3261302756,"MARKOV-EMB-M",3.261302756
"649","markov_corr",3384406193,"MARKOV-EMB-M",3.384406193
"650","markov_corr",3418836630,"MARKOV-EMB-M",3.41883663
"651","markov_corr",3282803896,"MARKOV-EMB-M",3.282803896
"652","markov_corr",3266308313,"MARKOV-EMB-M",3.266308313
"653","markov_corr",3286180532,"MARKOV-EMB-M",3.286180532
"654","markov_corr",3331482811,"MARKOV-EMB-M",3.331482811
"655","markov_corr",3255620521,"MARKOV-EMB-M",3.255620521
"656","markov_corr",3234410769,"MARKOV-EMB-M",3.234410769
"657","markov_corr",3241436408,"MARKOV-EMB-M",3.241436408
"658","markov_corr",3385580263,"MARKOV-EMB-M",3.385580263
"659","markov_corr",3471762763,"MARKOV-EMB-M",3.471762763
"660","markov_corr",3261285746,"MARKOV-EMB-M",3.261285746
"661","markov_corr",3241689956,"MARKOV-EMB-M",3.241689956
"662","markov_corr",3275971461,"MARKOV-EMB-M",3.275971461
"663","markov_corr",3352898361,"MARKOV-EMB-M",3.352898361
"664","markov_corr",3225785233,"MARKOV-EMB-M",3.225785233
"665","markov_corr",3241850537,"MARKOV-EMB-M",3.241850537
"666","markov_corr",3235850789,"MARKOV-EMB-M",3.235850789
"667","markov_corr",3335208965,"MARKOV-EMB-M",3.335208965
"668","markov_corr",3485323147,"MARKOV-EMB-M",3.485323147
"669","markov_corr",3284234761,"MARKOV-EMB-M",3.284234761
"670","markov_corr",3235354473,"MARKOV-EMB-M",3.235354473
"671","markov_corr",3300536987,"MARKOV-EMB-M",3.300536987
"672","markov_corr",3361527922,"MARKOV-EMB-M",3.361527922
"673","markov_corr",3272792123,"MARKOV-EMB-M",3.272792123
"674","markov_corr",3236479852,"MARKOV-EMB-M",3.236479852
"675","markov_corr",3379957446,"MARKOV-EMB-M",3.379957446
"676","markov_corr",3322415289,"MARKOV-EMB-M",3.322415289
"677","markov_corr",3536636966,"MARKOV-EMB-M",3.536636966
"678","markov_corr",3243825213,"MARKOV-EMB-M",3.243825213
"679","markov_corr",3249454843,"MARKOV-EMB-M",3.249454843
"680","markov_corr",3315522796,"MARKOV-EMB-M",3.315522796
"681","markov_corr",3356329524,"MARKOV-EMB-M",3.356329524
"682","markov_corr",3254620619,"MARKOV-EMB-M",3.254620619
"683","markov_corr",3270886713,"MARKOV-EMB-M",3.270886713
"684","markov_corr",3258607669,"MARKOV-EMB-M",3.258607669
"685","markov_corr",3352119230,"MARKOV-EMB-M",3.35211923
"686","markov_corr",3385509542,"MARKOV-EMB-M",3.385509542
"687","markov_corr",3238944000,"MARKOV-EMB-M",3.238944
"688","markov_corr",3254630495,"MARKOV-EMB-M",3.254630495
"689","markov_corr",3368483711,"MARKOV-EMB-M",3.368483711
"690","markov_corr",3330978379,"MARKOV-EMB-M",3.330978379
"691","markov_corr",3234669562,"MARKOV-EMB-M",3.234669562
"692","markov_corr",3234777599,"MARKOV-EMB-M",3.234777599
"693","markov_corr",3242311519,"MARKOV-EMB-M",3.242311519
"694","markov_corr",3328967287,"MARKOV-EMB-M",3.328967287
"695","markov_corr",3601958404,"MARKOV-EMB-M",3.601958404
"696","markov_corr",3363576184,"MARKOV-EMB-M",3.363576184
"697","markov_corr",3374269018,"MARKOV-EMB-M",3.374269018
"698","markov_corr",3697676705,"MARKOV-EMB-M",3.697676705
"699","markov_corr",3378692755,"MARKOV-EMB-M",3.378692755
"700","markov_corr",3255622558,"MARKOV-EMB-M",3.255622558
"701","microsim",1259835895445,"MICROSIM-Y (10 mil)",1259.835895445
"702","microsim",1203808033899,"MICROSIM-Y (10 mil)",1203.808033899
"703","microsim",1241622112993,"MICROSIM-Y (10 mil)",1241.622112993
"704","microsim",1260420942097,"MICROSIM-Y (10 mil)",1260.420942097
"705","microsim",1284702006012,"MICROSIM-Y (10 mil)",1284.702006012
"706","microsim",1248505421816,"MICROSIM-Y (10 mil)",1248.505421816
"707","microsim",1277380068605,"MICROSIM-Y (10 mil)",1277.380068605
"708","microsim",1301710514505,"MICROSIM-Y (10 mil)",1301.710514505
"709","microsim",1184925246306,"MICROSIM-Y (10 mil)",1184.925246306
"710","microsim",1259569319592,"MICROSIM-Y (10 mil)",1259.569319592
"711","microsim",1184798192352,"MICROSIM-Y (10 mil)",1184.798192352
"712","microsim",1170665572811,"MICROSIM-Y (10 mil)",1170.665572811
"713","microsim",1142567067837,"MICROSIM-Y (10 mil)",1142.567067837
"714","microsim",1118284582518,"MICROSIM-Y (10 mil)",1118.284582518
"715","microsim",1313497079054,"MICROSIM-Y (10 mil)",1313.497079054
"716","microsim",1286037496625,"MICROSIM-Y (10 mil)",1286.037496625
"717","microsim",1185610012560,"MICROSIM-Y (10 mil)",1185.61001256
"718","microsim",1231025397895,"MICROSIM-Y (10 mil)",1231.025397895
"719","microsim",1374014740908,"MICROSIM-Y (10 mil)",1374.014740908
"720","microsim",1237854193483,"MICROSIM-Y (10 mil)",1237.854193483
"721","microsim",1120009408107,"MICROSIM-Y (10 mil)",1120.009408107
"722","microsim",1111789699619,"MICROSIM-Y (10 mil)",1111.789699619
"723","microsim",1095319821545,"MICROSIM-Y (10 mil)",1095.319821545
"724","microsim",1029906217449,"MICROSIM-Y (10 mil)",1029.906217449
"725","microsim",1156921357061,"MICROSIM-Y (10 mil)",1156.921357061
"726","microsim",1094627930554,"MICROSIM-Y (10 mil)",1094.627930554
"727","microsim",1133076439164,"MICROSIM-Y (10 mil)",1133.076439164
"728","microsim",1117698630667,"MICROSIM-Y (10 mil)",1117.698630667
"729","microsim",1185594937088,"MICROSIM-Y (10 mil)",1185.594937088
"730","microsim",1101174072461,"MICROSIM-Y (10 mil)",1101.174072461
"731","microsim",1123251668483,"MICROSIM-Y (10 mil)",1123.251668483
"732","microsim",1120010207651,"MICROSIM-Y (10 mil)",1120.010207651
"733","microsim",1094073912377,"MICROSIM-Y (10 mil)",1094.073912377
"734","microsim",1101306489034,"MICROSIM-Y (10 mil)",1101.306489034
"735","microsim",1114458945522,"MICROSIM-Y (10 mil)",1114.458945522
"736","microsim",1190990430935,"MICROSIM-Y (10 mil)",1190.990430935
"737","microsim",1098643896792,"MICROSIM-Y (10 mil)",1098.643896792
"738","microsim",1111746425039,"MICROSIM-Y (10 mil)",1111.746425039
"739","microsim",1162308801391,"MICROSIM-Y (10 mil)",1162.308801391
"740","microsim",1088754938779,"MICROSIM-Y (10 mil)",1088.754938779
"741","microsim",1111976055540,"MICROSIM-Y (10 mil)",1111.97605554
"742","microsim",1094928371873,"MICROSIM-Y (10 mil)",1094.928371873
"743","microsim",1089660486904,"MICROSIM-Y (10 mil)",1089.660486904
"744","microsim",1110094474560,"MICROSIM-Y (10 mil)",1110.09447456
"745","microsim",1105323555397,"MICROSIM-Y (10 mil)",1105.323555397
"746","microsim",1118998545665,"MICROSIM-Y (10 mil)",1118.998545665
"747","microsim",1117939701284,"MICROSIM-Y (10 mil)",1117.939701284
"748","microsim",1141363315540,"MICROSIM-Y (10 mil)",1141.36331554
"749","microsim",1133563011545,"MICROSIM-Y (10 mil)",1133.563011545
"750","microsim",1158877924956,"MICROSIM-Y (10 mil)",1158.877924956
"751","microsim",1141116359791,"MICROSIM-Y (10 mil)",1141.116359791
"752","microsim",1077526360904,"MICROSIM-Y (10 mil)",1077.526360904
"753","microsim",1089983279667,"MICROSIM-Y (10 mil)",1089.983279667
"754","microsim",1089065987432,"MICROSIM-Y (10 mil)",1089.065987432
"755","microsim",1080422086404,"MICROSIM-Y (10 mil)",1080.422086404
"756","microsim",1095161271774,"MICROSIM-Y (10 mil)",1095.161271774
"757","microsim",1187595353924,"MICROSIM-Y (10 mil)",1187.595353924
"758","microsim",1208623061795,"MICROSIM-Y (10 mil)",1208.623061795
"759","microsim",1058503206612,"MICROSIM-Y (10 mil)",1058.503206612
"760","microsim",1057799544256,"MICROSIM-Y (10 mil)",1057.799544256
"761","microsim",1056481433688,"MICROSIM-Y (10 mil)",1056.481433688
"762","microsim",1057466810342,"MICROSIM-Y (10 mil)",1057.466810342
"763","microsim",1066394143464,"MICROSIM-Y (10 mil)",1066.394143464
"764","microsim",1051349556684,"MICROSIM-Y (10 mil)",1051.349556684
"765","microsim",1124811009464,"MICROSIM-Y (10 mil)",1124.811009464
"766","microsim",1148177644768,"MICROSIM-Y (10 mil)",1148.177644768
"767","microsim",1115301290759,"MICROSIM-Y (10 mil)",1115.301290759
"768","microsim",1119826565516,"MICROSIM-Y (10 mil)",1119.826565516
"769","microsim",1092782298543,"MICROSIM-Y (10 mil)",1092.782298543
"770","microsim",1165684894973,"MICROSIM-Y (10 mil)",1165.684894973
"771","microsim",1132705248857,"MICROSIM-Y (10 mil)",1132.705248857
"772","microsim",1143384082894,"MICROSIM-Y (10 mil)",1143.384082894
"773","microsim",1142781431219,"MICROSIM-Y (10 mil)",1142.781431219
"774","microsim",1148206399735,"MICROSIM-Y (10 mil)",1148.206399735
"775","microsim",1124729620458,"MICROSIM-Y (10 mil)",1124.729620458
"776","microsim",1150450361113,"MICROSIM-Y (10 mil)",1150.450361113
"777","microsim",1166113472217,"MICROSIM-Y (10 mil)",1166.113472217
"778","microsim",1159430850120,"MICROSIM-Y (10 mil)",1159.43085012
"779","microsim",1280001797510,"MICROSIM-Y (10 mil)",1280.00179751
"780","microsim",1415179314061,"MICROSIM-Y (10 mil)",1415.179314061
"781","microsim",1240938652523,"MICROSIM-Y (10 mil)",1240.938652523
"782","microsim",1178742255457,"MICROSIM-Y (10 mil)",1178.742255457
"783","microsim",1135909216162,"MICROSIM-Y (10 mil)",1135.909216162
"784","microsim",1189546980708,"MICROSIM-Y (10 mil)",1189.546980708
"785","microsim",1244658120076,"MICROSIM-Y (10 mil)",1244.658120076
"786","microsim",1154786240854,"MICROSIM-Y (10 mil)",1154.786240854
"787","microsim",1144363150349,"MICROSIM-Y (10 mil)",1144.363150349
"788","microsim",1164066232813,"MICROSIM-Y (10 mil)",1164.066232813
"789","microsim",1133160933057,"MICROSIM-Y (10 mil)",1133.160933057
"790","microsim",1131189325986,"MICROSIM-Y (10 mil)",1131.189325986
"791","microsim",1136146926551,"MICROSIM-Y (10 mil)",1136.146926551
"792","microsim",1147686470116,"MICROSIM-Y (10 mil)",1147.686470116
"793","microsim",1138751468246,"MICROSIM-Y (10 mil)",1138.751468246
"794","microsim",1111848591213,"MICROSIM-Y (10 mil)",1111.848591213
"795","microsim",1278602248052,"MICROSIM-Y (10 mil)",1278.602248052
"796","microsim",1415528275960,"MICROSIM-Y (10 mil)",1415.52827596
"797","microsim",1430107982700,"MICROSIM-Y (10 mil)",1430.1079827
"798","microsim",1398130111777,"MICROSIM-Y (10 mil)",1398.130111777
"799","microsim",1385020609102,"MICROSIM-Y (10 mil)",1385.020609102
"800","microsim",1331449726664,"MICROSIM-Y (10 mil)",1331.449726664
"801","microsim_corr",1435297991798,"MICROSIM-EMB-Y (10 mil)",1435.297991798
"802","microsim_corr",1312844061227,"MICROSIM-EMB-Y (10 mil)",1312.844061227
"803","microsim_corr",1266487341815,"MICROSIM-EMB-Y (10 mil)",1266.487341815
"804","microsim_corr",1275369401355,"MICROSIM-EMB-Y (10 mil)",1275.369401355
"805","microsim_corr",1316342513686,"MICROSIM-EMB-Y (10 mil)",1316.342513686
"806","microsim_corr",1381040733260,"MICROSIM-EMB-Y (10 mil)",1381.04073326
"807","microsim_corr",1348294827823,"MICROSIM-EMB-Y (10 mil)",1348.294827823
"808","microsim_corr",1254395935662,"MICROSIM-EMB-Y (10 mil)",1254.395935662
"809","microsim_corr",1381540134899,"MICROSIM-EMB-Y (10 mil)",1381.540134899
"810","microsim_corr",1305318577057,"MICROSIM-EMB-Y (10 mil)",1305.318577057
"811","microsim_corr",1405120383185,"MICROSIM-EMB-Y (10 mil)",1405.120383185
"812","microsim_corr",1342600486848,"MICROSIM-EMB-Y (10 mil)",1342.600486848
"813","microsim_corr",1418918266546,"MICROSIM-EMB-Y (10 mil)",1418.918266546
"814","microsim_corr",1439512719567,"MICROSIM-EMB-Y (10 mil)",1439.512719567
"815","microsim_corr",1356464046855,"MICROSIM-EMB-Y (10 mil)",1356.464046855
"816","microsim_corr",1423958486599,"MICROSIM-EMB-Y (10 mil)",1423.958486599
"817","microsim_corr",1360740948256,"MICROSIM-EMB-Y (10 mil)",1360.740948256
"818","microsim_corr",1366074936500,"MICROSIM-EMB-Y (10 mil)",1366.0749365
"819","microsim_corr",1329401633557,"MICROSIM-EMB-Y (10 mil)",1329.401633557
"820","microsim_corr",1454136939328,"MICROSIM-EMB-Y (10 mil)",1454.136939328
"821","microsim_corr",1385503920124,"MICROSIM-EMB-Y (10 mil)",1385.503920124
"822","microsim_corr",1298546755284,"MICROSIM-EMB-Y (10 mil)",1298.546755284
"823","microsim_corr",1298173878630,"MICROSIM-EMB-Y (10 mil)",1298.17387863
"824","microsim_corr",1420423812469,"MICROSIM-EMB-Y (10 mil)",1420.423812469
"825","microsim_corr",1349859776692,"MICROSIM-EMB-Y (10 mil)",1349.859776692
"826","microsim_corr",1474403650500,"MICROSIM-EMB-Y (10 mil)",1474.4036505
"827","microsim_corr",1525596105670,"MICROSIM-EMB-Y (10 mil)",1525.59610567
"828","microsim_corr",1371259538997,"MICROSIM-EMB-Y (10 mil)",1371.259538997
"829","microsim_corr",1381101288843,"MICROSIM-EMB-Y (10 mil)",1381.101288843
"830","microsim_corr",1379150893024,"MICROSIM-EMB-Y (10 mil)",1379.150893024
"831","microsim_corr",1364477873083,"MICROSIM-EMB-Y (10 mil)",1364.477873083
"832","microsim_corr",1300819322393,"MICROSIM-EMB-Y (10 mil)",1300.819322393
"833","microsim_corr",1392256061034,"MICROSIM-EMB-Y (10 mil)",1392.256061034
"834","microsim_corr",1233887311915,"MICROSIM-EMB-Y (10 mil)",1233.887311915
"835","microsim_corr",1213153079931,"MICROSIM-EMB-Y (10 mil)",1213.153079931
"836","microsim_corr",1200922711307,"MICROSIM-EMB-Y (10 mil)",1200.922711307
"837","microsim_corr",1142853987021,"MICROSIM-EMB-Y (10 mil)",1142.853987021
"838","microsim_corr",1093156084209,"MICROSIM-EMB-Y (10 mil)",1093.156084209
"839","microsim_corr",1076806607912,"MICROSIM-EMB-Y (10 mil)",1076.806607912
"840","microsim_corr",1077181146903,"MICROSIM-EMB-Y (10 mil)",1077.181146903
"841","microsim_corr",1111955836675,"MICROSIM-EMB-Y (10 mil)",1111.955836675
"842","microsim_corr",1154003533238,"MICROSIM-EMB-Y (10 mil)",1154.003533238
"843","microsim_corr",1127468748953,"MICROSIM-EMB-Y (10 mil)",1127.468748953
"844","microsim_corr",1159516604589,"MICROSIM-EMB-Y (10 mil)",1159.516604589
"845","microsim_corr",1155329655533,"MICROSIM-EMB-Y (10 mil)",1155.329655533
"846","microsim_corr",1142714807803,"MICROSIM-EMB-Y (10 mil)",1142.714807803
"847","microsim_corr",1164931362827,"MICROSIM-EMB-Y (10 mil)",1164.931362827
"848","microsim_corr",1163875997335,"MICROSIM-EMB-Y (10 mil)",1163.875997335
"849","microsim_corr",1140475490483,"MICROSIM-EMB-Y (10 mil)",1140.475490483
"850","microsim_corr",1161640978625,"MICROSIM-EMB-Y (10 mil)",1161.640978625
"851","microsim_corr",1141677875639,"MICROSIM-EMB-Y (10 mil)",1141.677875639
"852","microsim_corr",1150325749827,"MICROSIM-EMB-Y (10 mil)",1150.325749827
"853","microsim_corr",1154547617342,"MICROSIM-EMB-Y (10 mil)",1154.547617342
"854","microsim_corr",1156455613046,"MICROSIM-EMB-Y (10 mil)",1156.455613046
"855","microsim_corr",1171493620821,"MICROSIM-EMB-Y (10 mil)",1171.493620821
"856","microsim_corr",1144786864634,"MICROSIM-EMB-Y (10 mil)",1144.786864634
"857","microsim_corr",1119659810462,"MICROSIM-EMB-Y (10 mil)",1119.659810462
"858","microsim_corr",1097972987109,"MICROSIM-EMB-Y (10 mil)",1097.972987109
"859","microsim_corr",1137052064034,"MICROSIM-EMB-Y (10 mil)",1137.052064034
"860","microsim_corr",1096329837590,"MICROSIM-EMB-Y (10 mil)",1096.32983759
"861","microsim_corr",1120767578084,"MICROSIM-EMB-Y (10 mil)",1120.767578084
"862","microsim_corr",1152162575093,"MICROSIM-EMB-Y (10 mil)",1152.162575093
"863","microsim_corr",1144938745248,"MICROSIM-EMB-Y (10 mil)",1144.938745248
"864","microsim_corr",1381974434396,"MICROSIM-EMB-Y (10 mil)",1381.974434396
"865","microsim_corr",1364320810177,"MICROSIM-EMB-Y (10 mil)",1364.320810177
"866","microsim_corr",1343943767166,"MICROSIM-EMB-Y (10 mil)",1343.943767166
"867","microsim_corr",1382849997357,"MICROSIM-EMB-Y (10 mil)",1382.849997357
"868","microsim_corr",1293538304074,"MICROSIM-EMB-Y (10 mil)",1293.538304074
"869","microsim_corr",1287666069042,"MICROSIM-EMB-Y (10 mil)",1287.666069042
"870","microsim_corr",1233322076346,"MICROSIM-EMB-Y (10 mil)",1233.322076346
"871","microsim_corr",1330982360765,"MICROSIM-EMB-Y (10 mil)",1330.982360765
"872","microsim_corr",1249202501205,"MICROSIM-EMB-Y (10 mil)",1249.202501205
"873","microsim_corr",1383043696216,"MICROSIM-EMB-Y (10 mil)",1383.043696216
"874","microsim_corr",1371465549682,"MICROSIM-EMB-Y (10 mil)",1371.465549682
"875","microsim_corr",1363508861576,"MICROSIM-EMB-Y (10 mil)",1363.508861576
"876","microsim_corr",1321076380863,"MICROSIM-EMB-Y (10 mil)",1321.076380863
"877","microsim_corr",1165617085317,"MICROSIM-EMB-Y (10 mil)",1165.617085317
"878","microsim_corr",1158919744349,"MICROSIM-EMB-Y (10 mil)",1158.919744349
"879","microsim_corr",1141620133521,"MICROSIM-EMB-Y (10 mil)",1141.620133521
"880","microsim_corr",1139599954976,"MICROSIM-EMB-Y (10 mil)",1139.599954976
"881","microsim_corr",1161631800381,"MICROSIM-EMB-Y (10 mil)",1161.631800381
"882","microsim_corr",1103407895127,"MICROSIM-EMB-Y (10 mil)",1103.407895127
"883","microsim_corr",1081128618662,"MICROSIM-EMB-Y (10 mil)",1081.128618662
"884","microsim_corr",1166912836331,"MICROSIM-EMB-Y (10 mil)",1166.912836331
"885","microsim_corr",1159523936734,"MICROSIM-EMB-Y (10 mil)",1159.523936734
"886","microsim_corr",1156242464119,"MICROSIM-EMB-Y (10 mil)",1156.242464119
"887","microsim_corr",1130641547929,"MICROSIM-EMB-Y (10 mil)",1130.641547929
"888","microsim_corr",1151514532754,"MICROSIM-EMB-Y (10 mil)",1151.514532754
"889","microsim_corr",1116379484041,"MICROSIM-EMB-Y (10 mil)",1116.379484041
"890","microsim_corr",1195755932577,"MICROSIM-EMB-Y (10 mil)",1195.755932577
"891","microsim_corr",1133845578726,"MICROSIM-EMB-Y (10 mil)",1133.845578726
"892","microsim_corr",1116487575045,"MICROSIM-EMB-Y (10 mil)",1116.487575045
"893","microsim_corr",1146603792642,"MICROSIM-EMB-Y (10 mil)",1146.603792642
"894","microsim_corr",1139750978415,"MICROSIM-EMB-Y (10 mil)",1139.750978415
"895","microsim_corr",1134636613311,"MICROSIM-EMB-Y (10 mil)",1134.636613311
"896","microsim_corr",1128395438834,"MICROSIM-EMB-Y (10 mil)",1128.395438834
"897","microsim_corr",1138754338705,"MICROSIM-EMB-Y (10 mil)",1138.754338705
"898","microsim_corr",1304765558467,"MICROSIM-EMB-Y (10 mil)",1304.765558467
"899","microsim_corr",1111147221362,"MICROSIM-EMB-Y (10 mil)",1111.147221362
"900","microsim_corr",1061043558289,"MICROSIM-EMB-Y (10 mil)",1061.043558289
